approach,runtime_seconds
naive,28.68117356300354
optimized,30.309447050094604
